stamp_sec,actual_loop_dt,control_update_dt,ref_idx,x,y,yaw,vx,vy,yaw_rate,ax,xr,yr,psi_ref,kappa_ref,v_ref,e_longitudinal,e_lateral,e_heading,steering_rad,steering_norm,accel_cmd,throttle,brake,f_resist,f_required
1776071424.0,0.09987664222717285,0.10000000149011612,22.0,-384.6824645996094,149.09132385253906,-1.2532883882522583,2.5127551555633545,0.002784308511763811,0.011309999972581863,-0.5651111602783203,-383.94085693359375,149.3284454345703,-1.261338710784912,-0.0007187221781350672,2.999297857284546,-9.71445146547012e-16,-0.7786014080047607,0.008050278760492802,0.4475456774234772,-0.7326422333717346,3.371999979019165,1.0,0.0,73.3981704711914,6817.39794921875
1776071424.0,0.10000000149011612,0.10000000149011612,22.0,-384.6009826660156,148.8561248779297,-1.2531744241714478,2.48956561088562,-0.015535219572484493,-0.0020600000862032175,0.23124441504478455,-383.8650817871094,149.09141540527344,-1.261338710784912,-0.0006244545220397413,2.999297857284546,-2.275957200481571e-15,-0.7726223468780518,0.008164220489561558,0.4605907201766968,-0.753997266292572,3.371999979019165,1.0,0.0,73.10618591308594,6817.10595703125
1776071424.0,0.10000000149011612,0.10000000149011612,23.0,-384.4271545410156,148.347900390625,-1.2529021501541138,2.984441041946411,-0.01748151145875454,0.008299999870359898,3.405996799468994,-383.7016906738281,148.57937622070312,-1.2619484663009644,-0.000433191133197397,2.9992778301239014,-8.854028621385623e-15,-0.7615023255348206,0.009046358056366444,0.41189494729042053,-0.6742811799049377,3.267355442047119,1.0,0.0,79.45817565917969,6614.16943359375
1776071424.0,0.10000000149011612,0.10000000149011612,23.0,-384.32550048828125,148.05018615722656,-1.2529897689819336,3.3376553058624268,-0.022649288177490234,0.0011500000255182385,3.8242685794830322,-383.6060791015625,148.27972412109375,-1.2619484663009644,-0.0003213249729014933,2.9992778301239014,-5.412337245047638e-15,-0.7551444172859192,0.008958760648965836,0.3745238780975342,-0.6131039261817932,1.1493345499038696,0.3422077000141144,0.0,84.14704132080078,2382.816162109375
1776071424.0,0.10000000149011612,0.10000000149011612,24.0,-384.08587646484375,147.351806640625,-1.2534459829330444,4.028184413909912,-0.007898759096860886,0.003109999932348728,2.8545608520507812,-383.38177490234375,147.57627868652344,-1.262166142463684,-0.00016305051394738257,2.999257802963257,5.10702591327572e-15,-0.7390115857124329,0.008720200508832932,0.3229827880859375,-0.528730034828186,-3.1170544624328613,0.0,0.4465378224849701,93.68704986572266,-6140.421875
1776071424.0,0.10000000149011612,0.10000000149011612,24.0,-383.95172119140625,146.9627227783203,-1.2536382675170898,4.245645046234131,-0.02040306106209755,-0.010889999568462372,1.7661470174789429,-383.2568054199219,147.18426513671875,-1.262166142463684,-8.947252354118973e-05,2.999257802963257,1.2212453270876722e-14,-0.7293850779533386,0.00852785725146532,0.30367088317871094,-0.49711599946022034,-4.775838851928711,0.0,0.6672362089157104,96.79366302490234,-9454.8837890625
1776071424.0,0.10000000149011612,0.10000000149011612,24.0,-383.8172302246094,146.57150268554688,-1.2541723251342773,3.960874319076538,-0.009040120989084244,-0.016829999163746834,-9.797748565673828,-383.1311950683594,146.7902069091797,-1.2621912956237793,-0.00010854294669115916,2.999257802963257,5.800915303666443e-15,-0.7200545072555542,0.00801894161850214,0.3100340962409973,-0.5075327157974243,-3.490147590637207,0.0,0.48737025260925293,92.73539733886719,-6887.56005859375
1776071424.0,0.09979915618896484,0.10000000149011612,25.0,-383.61431884765625,145.96888732910156,-1.25307035446167,2.4834516048431396,-0.03857899829745293,-0.005799999926239252,-5.73241662979126,-382.93804931640625,146.1844024658203,-1.2622830867767334,-0.00014536768139805645,2.9992377758026123,1.326716514427062e-14,-0.7097690105438232,0.00921272486448288,0.3798472583293915,-0.6218184232711792,3.371999979019165,1.0,0.0,73.029296875,6817.029296875
1776071424.0,0.10000000149011612,0.10000000149011612,25.0,-383.5450744628906,145.7658233642578,-1.2527034282684326,1.8418556451797485,0.005775350145995617,0.006610000040382147,-6.850008010864258,-382.8729248046875,145.9800262451172,-1.2622830867767334,-0.00018817358068190515,2.9992377758026123,-9.43689570931383e-16,-0.7054639458656311,0.00957964826375246,0.44966045022010803,-0.7361041307449341,3.371999979019165,1.0,0.0,65.17583465576172,6809.17578125
1776071424.0,0.09998750686645508,0.10000000149011612,26.0,-383.44012451171875,145.47003173828125,-1.2517977952957153,1.505098819732666,-0.009899926371872425,-0.015279999934136868,1.1899515390396118,-382.7776794433594,145.68113708496094,-1.2622830867767334,-0.0002507730678189546,2.9992177486419678,1.5737411374061594e-14,-0.6952868103981018,0.01048525795340538,0.5194736123085022,-0.850389838218689,3.371999979019165,1.0,0.0,61.22442626953125,6805.224609375
1776071424.0,0.10000000149011612,0.10000000149011612,26.0,-383.38671875,145.3180389404297,-1.2512520551681519,1.7483713626861572,0.007126207463443279,0.005739999935030937,3.0634100437164307,-382.7287902832031,145.52772521972656,-1.2622830867767334,-0.00028290593763813376,2.9992177486419678,-1.0352829704629585e-14,-0.6905415058135986,0.011031017638742924,0.5249073505401611,-0.8592850565910339,3.371999979019165,1.0,0.0,64.067138671875,6808.06689453125
1776071424.0,0.09998774528503418,0.10000000149011612,26.0,-383.2510681152344,144.92510986328125,-1.2512177228927612,2.4304349422454834,-0.016102464869618416,0.0038300000596791506,3.785810708999634,-382.6025695800781,145.1315460205078,-1.262616515159607,-0.00037090349360369146,2.9992177486419678,5.3013149425851225e-15,-0.6805632710456848,0.011398857459425926,0.45509418845176697,-0.7449992895126343,3.371999979019165,1.0,0.0,72.36418151855469,6816.3642578125
1776071424.0,0.10000000149011612,0.10000000149011612,27.0,-383.0678405761719,144.3961639404297,-1.2508443593978882,3.1776416301727295,-0.017064271494746208,-0.015189999714493752,3.928335428237915,-382.4328308105469,144.59829711914062,-1.262616515159607,-0.0005007609724998474,2.9991977214813232,3.1086244689504383e-15,-0.6663852334022522,0.011772173456847668,0.3852810263633728,-0.6307135820388794,2.5931336879730225,0.7543659210205078,0.0,82.00687408447266,5268.27392578125
1776071424.0,0.10000000149011612,0.10000000149011612,27.0,-382.958740234375,144.0806427001953,-1.250543475151062,3.548129081726074,-0.009003552608191967,-0.0035200000274926424,3.8974416255950928,-382.3315124511719,144.27989196777344,-1.263199806213379,-0.0005753478035330772,2.9991977214813232,9.631184738623233e-15,-0.6581062078475952,0.012656406499445438,0.31546783447265625,-0.5164278745651245,0.3052254319190979,0.07605644315481186,0.0,87.00251007080078,697.453369140625
1776071424.0,0.09994935989379883,0.10000000149011612,28.0,-382.7055358886719,143.348876953125,-1.2495911121368408,4.183060169219971,-0.02350064367055893,-0.0017600000137463212,2.627911329269409,-382.0971374511719,143.54214477539062,-1.263199806213379,-0.0007058457122184336,2.999177932739258,2.0233814623793478e-14,-0.638340950012207,0.013608678244054317,0.26476436853408813,-0.4334251880645752,-3.698941946029663,0.0,0.5197449326515198,95.89456176757812,-7301.9892578125
1776071424.0,0.10000000149011612,0.10000000149011612,28.0,-382.56640625,142.94515991210938,-1.2491168975830078,4.37269401550293,-0.02667403034865856,-0.013509999960660934,1.537130355834961,-381.9679260253906,143.13478088378906,-1.2639665603637695,-0.00075336272129789,2.999177932739258,3.469446951953614e-15,-0.6278017163276672,0.0148497074842453,0.24632138013839722,-0.4032335877418518,-5.24342679977417,0.0,0.7298988103866577,98.63133239746094,-10388.22265625
1776071424.0,0.09987688064575195,0.10000000149011612,29.0,-382.302490234375,142.183837890625,-1.2492775917053223,3.5627524852752686,0.0014942509587854147,-0.014750000089406967,-5.753612041473389,-381.72454833984375,142.36642456054688,-1.264789342880249,-0.0008071507327258587,2.9991579055786133,1.2656542480726785e-14,-0.6061028242111206,0.015511658973991871,0.26542583107948303,-0.43450799584388733,-0.8446242213249207,0.0,0.13122448325157166,87.20260620117188,-1602.0457763671875
1776071424.0,0.10000000149011612,0.10000000149011612,29.0,-382.19366455078125,141.87228393554688,-1.2493064403533936,2.987349510192871,-0.00012261400115676224,0.005450000055134296,-4.891292095184326,-381.6251525878906,142.0518798828125,-1.264789342880249,-0.0008109045447781682,2.9991579055786133,1.6764367671839864e-14,-0.5961852073669434,0.01548288855701685,0.29399457573890686,-0.48127564787864685,2.4213643074035645,0.7119576334953308,0.0,79.49626159667969,4922.22509765625
1776071424.0,0.10000000149011612,0.10000000149011612,30.0,-382.1018371582031,141.60581970214844,-1.2484928369522095,2.7201895713806152,-0.02007383108139038,-0.008310000412166119,0.1369933933019638,-381.540283203125,141.78323364257812,-1.264789342880249,-0.0008141105645336211,2.9991378784179688,-5.440092820663267e-15,-0.5888949632644653,0.016296418383717537,0.31337568163871765,-0.5130029916763306,3.371999979019165,1.0,0.0,76.03480529785156,6820.03466796875
1776071424.0,0.10000000149011612,0.10000000149011612,30.0,-382.0125732421875,141.34957885742188,-1.2479767799377441,2.6816823482513428,0.005277901887893677,0.01030999980866909,-0.26200026273727417,-381.4585876464844,141.5246124267578,-1.264789342880249,-0.0008171970257535577,2.9991378784179688,1.404432126150823e-14,-0.5809757113456726,0.016812482848763466,0.31520557403564453,-0.5159985423088074,3.371999979019165,1.0,0.0,75.54197692871094,6819.5419921875
1776071424.0,0.09993290901184082,0.10000000149011612,30.0,-381.8299865722656,140.82737731933594,-1.2472413778305054,2.9574074745178223,-0.0207658801227808,-0.009929999709129333,2.8785502910614014,-381.292236328125,140.9967803955078,-1.2656134366989136,-0.000809088465757668,2.9991378784179688,-6.2450045135165055e-15,-0.563775360584259,0.018372107297182083,0.2893664240837097,-0.47369927167892456,2.809098958969116,0.8245628476142883,0.0,79.1046371459961,5697.302734375
1776071424.0,0.10000000149011612,0.10000000149011612,31.0,-381.7272033691406,140.53106689453125,-1.2467939853668213,3.2700729370117188,-0.011900130659341812,-0.005750000011175871,3.4350357055664062,-381.19805908203125,140.69776916503906,-1.2656134366989136,-0.0008034550701268017,2.999117851257324,6.13398221105399e-15,-0.5547932386398315,0.018819451332092285,0.2627580463886261,-0.43014076352119446,0.9438799023628235,0.26956215500831604,0.0,83.23989868164062,1970.9996337890625
1776071424.0,0.10000000149011612,0.10000000149011612,31.0,-381.6127624511719,140.204345703125,-1.2470704317092896,3.616780996322632,-0.01139029860496521,0.0008699999889358878,3.6255481243133545,-381.0940856933594,140.36729431152344,-1.2664095163345337,-0.0007967457640916109,2.999117851257324,4.884981308350689e-15,-0.5436717867851257,0.01933906227350235,0.2370920330286026,-0.388124942779541,-1.2327150106430054,0.0,0.17569668591022491,87.9438247680664,-2377.486083984375
1776071424.0,0.09937286376953125,0.10000000149011612,32.0,-381.3539123535156,139.46438598632812,-1.2465566396713257,4.077548980712891,-0.01095305010676384,0.007139999885112047,0.7775829434394836,-380.8592529296875,139.6197967529297,-1.2664095163345337,-0.000780164438765496,2.9990978240966797,2.4147350785597155e-15,-0.51851886510849,0.019852876663208008,0.20596230030059814,-0.33716487884521484,-4.2135186195373535,0.0,0.5978609919548035,94.38796997070312,-8332.6494140625
1776071424.0,0.10000000149011612,0.10000000149011612,32.0,-381.21844482421875,139.08013916015625,-1.246506929397583,4.031436920166016,-0.014451012946665287,0.0006500000017695129,-1.1024283170700073,-380.7373352050781,139.23086547851562,-1.2671877145767212,-0.0007741798763163388,2.9990978240966797,-7.105427357601002e-15,-0.5041694641113281,0.020680848509073257,0.19703291356563568,-0.3225472867488861,-4.304953575134277,0.0,0.610002875328064,93.73316192626953,-8516.1748046875
1776071424.0,0.10000000149011612,0.10000000149011612,33.0,-381.0889587402344,138.7109375,-1.2462389469146729,3.6787171363830566,-0.01604236289858818,-0.0027699999045580626,-5.342356204986572,-380.62042236328125,138.8577117919922,-1.2671877145767212,-0.0007689134799875319,2.999077796936035,-1.1102230246251565e-14,-0.490969717502594,0.02094878815114498,0.2022741138935089,-0.33112722635269165,-2.5377955436706543,0.0,0.3680969178676605,88.7972412109375,-4986.7939453125
1776071424.0,0.10000000149011612,0.10000000149011612,33.0,-380.97760009765625,138.3936004638672,-1.2458150386810303,3.079791784286499,-0.0050767529755830765,-0.002240000059828162,-6.116653919219971,-380.5198974609375,138.53660583496094,-1.2679545879364014,-0.0007645647274330258,2.999077796936035,4.191091917959966e-15,-0.4795335829257965,0.022139519453048706,0.22074516117572784,-0.3613647222518921,0.8299165964126587,0.22507178783416748,0.0,80.7112045288086,1740.54443359375
1776071424.0,0.10000000149011612,0.10000000149011612,33.0,-380.8837585449219,138.124267578125,-1.2451153993606567,2.6710548400878906,-0.015760255977511406,-0.016189999878406525,-2.444554090499878,-380.43487548828125,138.26451110839844,-1.2679545879364014,-0.000761479081120342,2.999077796936035,-9.43689570931383e-16,-0.47028520703315735,0.022839171811938286,0.24041754007339478,-0.39356884360313416,3.259155511856079,0.996757984161377,0.0,75.40623474121094,6593.71728515625
1776071424.0,0.09890222549438477,0.10000000149011612,34.0,-380.7129211425781,137.64002990722656,-1.2442028522491455,2.5058562755584717,0.011793743818998337,0.003100000089034438,-0.13242509961128235,-380.2818298339844,137.77471923828125,-1.2679545879364014,-0.0007559244986623526,2.9990577697753906,-4.413136522884997e-15,-0.4516313374042511,0.023751726374030113,0.24387094378471375,-0.39922216534614563,3.371999979019165,1.0,0.0,73.31124877929688,6817.31103515625
1776071424.0,0.10000000149011612,0.10000000149011612,34.0,-380.6273193359375,137.39955139160156,-1.2437469959259033,2.616074562072754,-0.006966244895011187,-0.0040799998678267,2.1827447414398193,-380.20574951171875,137.53091430664062,-1.2687077522277832,-0.0007501633372157812,2.9990577697753906,6.217248937900877e-15,-0.44156378507614136,0.02496068738400936,0.2329389899969101,-0.3813263177871704,3.371999979019165,1.0,0.0,74.70585632324219,6818.7060546875
1776071424.0,0.10000000149011612,0.10000000149011612,35.0,-380.4322814941406,136.84645080566406,-1.242854118347168,3.234722852706909,-0.005700969602912664,-0.000590000010561198,3.7425081729888916,-380.0314025878906,136.97137451171875,-1.2687077522277832,-0.0007295833202078938,2.999037742614746,1.504352198367087e-14,-0.4199009835720062,0.02585361711680889,0.19117069244384766,-0.31295067071914673,0.2824190855026245,0.06841916590929031,0.0,82.76728820800781,647.60546875
1776071424.0,0.10000000149011612,0.10000000149011612,35.0,-380.19268798828125,136.1690216064453,-1.242461919784546,3.9000813961029053,-0.006100079510360956,0.004029999952763319,2.6048197746276855,-379.8179931640625,136.2854766845703,-1.2694461345672607,-0.0006872701924294233,2.999037742614746,-3.649858193455202e-15,-0.3923959732055664,0.026984242722392082,0.15007519721984863,-0.2456764429807663,-3.797457456588745,0.0,0.5313177704811096,91.87992095947266,-7503.03515625
1776071424.0,0.09999680519104004,0.10000000149011612,36.0,-379.92291259765625,135.4082794189453,-1.2422916889190674,3.8904500007629395,-0.006558019667863846,-0.005840000230818987,-5.6367106437683105,-379.57867431640625,135.51502990722656,-1.2700998783111572,-0.0006118395831435919,2.9990177154541016,1.074140776324839e-14,-0.3604297935962677,0.027808107435703278,0.13172727823257446,-0.21564048528671265,-4.0476531982421875,0.0,0.5747107267379761,91.74474334716797,-8003.5615234375
1776071424.0,0.10000000149011612,0.10000000149011612,37.0,-379.8052062988281,135.07431030273438,-1.2420395612716675,3.1991918087005615,-0.003453057026490569,-0.007000000216066837,-8.050148963928223,-379.473876953125,135.17706298828125,-1.2700998783111572,-0.0005626830388791859,2.998997688293457,1.0047518372857667e-14,-0.34689486026763916,0.028060300275683403,0.14187008142471313,-0.23224447667598724,-0.19745652377605438,0.0,0.044357720762491226,82.2935562133789,-312.6194763183594
1776071424.0,0.10000000149011612,0.10000000149011612,37.0,-379.7124328613281,134.80824279785156,-1.2415697574615479,2.418736457824707,-0.02552606910467148,-0.009720000438392162,-8.103986740112305,-379.3904724121094,134.9080810546875,-1.2700998783111572,-0.0005235621938481927,2.998997688293457,6.036837696399289e-15,-0.33710595965385437,0.028530064970254898,0.16768860816955566,-0.274509996175766,3.371999979019165,1.0,0.0,72.21781158447266,6816.2177734375
1776071424.0,0.10000000149011612,0.10000000149011612,37.0,-379.5797119140625,134.42921447753906,-1.2406349182128906,1.8280346393585205,0.015407048165798187,0.004920000210404396,-1.214398980140686,-379.27166748046875,134.52455139160156,-1.2706286907196045,-0.00045272952411323786,2.998997688293457,-1.3641865415081611e-14,-0.3224550187587738,0.029993798583745956,0.19400928914546967,-0.31759753823280334,3.371999979019165,1.0,0.0,65.0113525390625,6809.01123046875
1776071424.0,0.10000000149011612,0.10000000149011612,37.0,-379.51751708984375,134.25640869140625,-1.2402302026748657,1.8701093196868896,0.007518717087805271,-0.013340000063180923,2.1493358612060547,-379.2174377441406,134.3492889404297,-1.2706286907196045,-0.000417106959503144,2.998997688293457,4.746203430272544e-15,-0.3141289949417114,0.030398432165384293,0.19499412178993225,-0.3192097246646881,3.371999979019165,1.0,0.0,65.51270294189453,6809.5126953125
1776071424.0,0.10000000149011612,0.10000000149011612,38.0,-379.45068359375,134.0677947998047,-1.2391108274459839,2.1538329124450684,-0.007099796086549759,-0.007969999685883522,3.5050137042999268,-379.1582946777344,134.15829467773438,-1.2706286907196045,-0.00037828629137948155,2.9989776611328125,1.1060596882828122e-14,-0.30604949593544006,0.03151779994368553,0.17504596710205078,-0.28655412793159485,3.371999979019165,1.0,0.0,68.94132995605469,6812.94140625
1776071424.0,0.10000000149011612,0.10000000149011612,38.0,-379.3740234375,133.84803771972656,-1.2388465404510498,2.481132745742798,-0.009765486232936382,0.0020000000949949026,3.772157669067383,-379.08953857421875,133.93609619140625,-1.2706286907196045,-0.00033312576124444604,2.9989776611328125,-1.0116907311896739e-14,-0.2977982461452484,0.03178216516971588,0.1508806198835373,-0.24699492752552032,3.371999979019165,1.0,0.0,73.0001449584961,6817.0
1776071424.0,0.0998690128326416,0.10000000149011612,38.0,-379.1853942871094,133.3099822998047,-1.2386376857757568,3.221010684967041,-0.01999894715845585,-0.007860000245273113,3.845700979232788,-378.9211730957031,133.3916778564453,-1.270937204360962,-0.00021880272834096104,2.9989776611328125,-7.13318293321663e-15,-0.27656129002571106,0.0322994664311409,0.11190354079008102,-0.18318858742713928,1.0530986785888672,0.30597952008247375,0.0,82.58431243896484,2188.781494140625
1776071424.0,0.10000000149011612,0.10000000149011612,39.0,-379.0731506347656,132.98878479003906,-1.2380229234695435,3.595120668411255,-0.023153744637966156,-0.0031999999191612005,3.8905084133148193,-378.82073974609375,133.06683349609375,-1.270937204360962,-0.0001500442303949967,2.998957872390747,-3.802513859341161e-15,-0.26421067118644714,0.03291422873735428,0.09107708185911179,-0.14909520745277405,-1.2716023921966553,0.0,0.19136616587638855,87.64630126953125,-2455.55859375
1776071424.0,0.10000000149011612,0.10000000149011612,39.0,-378.9484558105469,132.63612365722656,-1.2373416423797607,3.897094488143921,-0.019894929602742195,-0.0035600000992417336,2.706665277481079,-378.7103271484375,132.70970153808594,-1.2710399627685547,-8.058557432377711e-05,2.998957872390747,-2.7755575615628914e-16,-0.24921268224716187,0.03369824215769768,0.07572086155414581,-0.12395673245191574,-3.290461778640747,0.0,0.4671725630760193,91.8379898071289,-6489.08544921875
1776071424.0,0.10000000149011612,0.10000000149011612,40.0,-378.8158874511719,132.2636260986328,-1.2367359399795532,4.018554210662842,-0.026646848767995834,-0.013399999588727951,0.307748943567276,-378.59368896484375,132.33230590820312,-1.2710399627685547,-1.4943224414309952e-05,2.9989378452301025,1.4988010832439613e-15,-0.23257285356521606,0.03430400416254997,0.06535985320806503,-0.10699553042650223,-4.327622890472412,0.0,0.6032237410545349,93.55061340332031,-8561.6953125
1776071424.0,0.10000000149011612,0.10000000149011612,40.0,-378.6872863769531,131.9004364013672,-1.2366358041763306,3.6990740299224854,-0.03417940065264702,-0.006819999776780605,-2.789771318435669,-378.4800109863281,131.96449279785156,-1.2710399627685547,4.9029342335416004e-05,2.9989378452301025,-9.804657086220914e-15,-0.21694211661815643,0.034404121339321136,0.062385715544223785,-0.10212680697441101,-2.7557930946350098,0.0,0.39796459674835205,89.07861328125,-5422.5078125
1776071424.0,0.09853720664978027,0.10000000149011612,41.0,-378.4701232910156,131.2895965576172,-1.2352979183197021,2.8954238891601562,-0.026895074173808098,-0.009829999879002571,-2.799809694290161,-378.2887268066406,131.34568786621094,-1.2709605693817139,0.00012190547568025067,2.998917818069458,-1.1268763699945339e-14,-0.1898975521326065,0.035662658512592316,0.06260643154382706,-0.10248812288045883,1.8353486061096191,0.5457323789596558,0.0,78.29688262939453,3748.993896484375
1776071424.0,0.10000000149011612,0.10000000149011612,41.0,-378.3786926269531,131.03179931640625,-1.2346373796463013,2.5842247009277344,-0.013074175454676151,0.005109999794512987,-3.2531886100769043,-378.2079772949219,131.08457946777344,-1.2709605693817139,0.00015144265489652753,2.998917818069458,-1.271899252586195e-14,-0.17866507172584534,0.03632321581244469,0.06245966628193855,-0.10224786400794983,3.371999979019165,1.0,0.0,74.30155944824219,6818.3017578125
1776071424.0,0.0999307632446289,0.10000000149011612,41.0,-378.21112060546875,130.56613159179688,-1.233090877532959,2.4502902030944824,-0.017287978902459145,-0.011669999919831753,0.7659396529197693,-378.0619201660156,130.61228942871094,-1.270788311958313,0.0001927338889800012,2.998917818069458,1.1296519275560968e-14,-0.15616798400878906,0.037697434425354004,0.053626228123903275,-0.08778733015060425,3.371999979019165,1.0,0.0,72.61293029785156,6816.61279296875
1776071424.0,0.10000000149011612,0.10000000149011612,42.0,-378.1241455078125,130.3250732421875,-1.2318310737609863,2.677870035171509,-0.014777302742004395,0.005229999776929617,2.8011419773101807,-377.98626708984375,130.36773681640625,-1.270788311958313,0.0002119539276463911,2.9988977909088135,-6.862566070964249e-15,-0.14432469010353088,0.03895720839500427,0.04042034596204758,-0.06616900861263275,3.371999979019165,1.0,0.0,75.49327087402344,6819.4931640625
1776071424.0,0.10000000149011612,0.10000000149011612,42.0,-377.9195251464844,129.75823974609375,-1.2308765649795532,3.3476107120513916,-0.029305314645171165,-0.014539999887347221,3.7719037532806396,-377.8083190917969,129.79266357421875,-1.270551323890686,0.00026112725026905537,2.9988977909088135,3.95516952522712e-16,-0.11643079668283463,0.039674725383520126,0.01722351461648941,-0.028195276856422424,-0.40841472148895264,0.0,0.07351680099964142,84.28107452392578,-732.54833984375
1776071424.0,0.10000000149011612,0.10000000149011612,43.0,-377.7991027832031,129.42564392089844,-1.230514407157898,3.712068796157837,-0.027736060321331024,0.006539999973028898,3.926668167114258,-377.7038269042969,129.4551544189453,-1.270551323890686,0.00029393003205768764,2.998877763748169,3.576999807464176e-15,-0.0997430607676506,0.040036890655756,0.00277801719494164,-0.00454767607152462,-2.718398094177246,0.0,0.39288556575775146,89.2584457397461,-5347.5380859375
1776071424.0,0.09991955757141113,0.10000000149011612,43.0,-377.5296936035156,128.68106079101562,-1.229364275932312,4.021141052246094,-0.034664805978536606,-0.009560000151395798,-0.7834205627441406,-377.46978759765625,128.6996307373047,-1.270235300064087,0.00038105910061858594,2.998877763748169,-4.954370247389761e-15,-0.06272240728139877,0.0408710241317749,-0.015315539203584194,0.025071877986192703,-4.81992244720459,0.0,0.6759148240089417,93.58724975585938,-9546.2578125
1776071424.0,0.10000000149011612,0.10000000149011612,44.0,-377.3953857421875,128.31195068359375,-1.2290241718292236,3.8367459774017334,-0.03480686619877815,-0.0017999999690800905,-2.0505216121673584,-377.3536376953125,128.32489013671875,-1.270235300064087,0.00043202179949730635,2.9988577365875244,-1.67019176267047e-14,-0.04370512440800667,0.04121110215783119,-0.025258280336856842,0.04134836792945862,-4.061084747314453,0.0,0.5744547247886658,90.99274444580078,-8031.1767578125
1776071424.0,0.10000000149011612,0.10000000149011612,44.0,-377.2724609375,127.97428894042969,-1.2285555601119995,3.2892544269561768,-0.03670592978596687,-0.020090000703930855,-8.030118942260742,-377.247314453125,127.98210144042969,-1.2697741985321045,0.00047813623677939177,2.9988577365875244,-3.577867169202165e-15,-0.026337116956710815,0.041218578815460205,-0.032348036766052246,0.052954453974962234,-1.0566166639328003,0.0,0.15092253684997559,83.49688720703125,-2029.7364501953125
1776071424.0,0.09993529319763184,0.10000000149011612,45.0,-377.08270263671875,127.45243072509766,-1.22752046585083,2.410182476043701,-0.02763318456709385,-0.015549999661743641,-0.9855677485466003,-377.0828552246094,127.45237731933594,-1.2697741985321045,0.0005478596431203187,2.99883770942688,-5.440709460648868e-15,0.00018079088476952165,0.04225368797779083,-0.047209274023771286,0.07728263735771179,3.371999979019165,1.0,0.0,72.11087799072266,6816.11083984375
1776071424.0,0.10000000149011612,0.10000000149011612,45.0,-377.0014343261719,127.22958374023438,-1.2262532711029053,2.3291356563568115,-0.01789269782602787,-0.006390000227838755,-0.9325007200241089,-377.01263427734375,127.22611236572266,-1.2697741985321045,0.000577641068957746,2.99883770942688,-5.487364035383635e-15,0.011701781302690506,0.04352088272571564,-0.05809982120990753,0.0951106995344162,3.371999979019165,1.0,0.0,71.1014404296875,6815.1015625
1776071424.0,0.10000000149011612,0.10000000149011612,45.0,-376.921875,127.01372528076172,-1.2260209321975708,2.26877760887146,-0.017815323546528816,-0.002369999885559082,-0.15245801210403442,-376.9444274902344,127.0067138671875,-1.2691618204116821,0.0005924027063883841,2.99883770942688,5.399326818977812e-15,0.023605166003108025,0.04314097389578819,-0.06661990284919739,0.10905826836824417,3.371999979019165,1.0,0.0,70.3541030883789,6814.35400390625
1776071424.0,0.10000000149011612,0.10000000149011612,46.0,-376.75750732421875,126.5636978149414,-1.2240493297576904,2.613382339477539,-0.027446430176496506,-0.003100000089034438,2.9297187328338623,-376.80224609375,126.54977416992188,-1.2691618204116821,0.0006052185781300068,2.9988176822662354,5.164271787982955e-15,0.04687118157744408,0.045112546533346176,-0.0792686715722084,0.129764586687088,3.371999979019165,1.0,0.0,74.67163848876953,6818.671875
1776071424.0,0.10000000149011612,0.10000000149011612,46.0,-376.66162109375,126.30255126953125,-1.2238092422485352,2.9442999362945557,-0.03111651912331581,0.003389999968931079,3.8051939010620117,-376.7196960449219,126.28446960449219,-1.2691618204116821,0.000612659496255219,2.9988176822662354,-1.2975731600306517e-15,0.06084122136235237,0.045352671295404434,-0.08583769202232361,0.1405182182788849,1.7286896705627441,0.51511150598526,0.0,78.9334945678711,3536.31298828125
1776071424.0,0.10000000149011612,0.10000000149011612,47.0,-376.43359375,125.6827392578125,-1.2226500511169434,3.595404624938965,-0.03764277696609497,-0.007430000230669975,2.7193219661712646,-376.52337646484375,125.65473175048828,-1.2684922218322754,0.0005270170513540506,2.998797655105591,7.407269242420966e-15,0.09406957030296326,0.04584217444062233,-0.09595580399036407,0.15708178281784058,-2.1664412021636963,0.0,0.3167867958545685,87.65019989013672,-4245.232421875
1776071424.0,0.10000000149011612,0.10000000149011612,47.0,-376.3046875,125.33507537841797,-1.222204566001892,3.8321239948272705,-0.044506993144750595,-0.0005099999834783375,2.5637776851654053,-376.41314697265625,125.30125427246094,-1.2684922218322754,0.00046832821681164205,2.998797655105591,6.106226635438361e-15,0.11361915618181229,0.046287652105093,-0.10378605872392654,0.1699000895023346,-3.7932217121124268,0.0,0.5293213129043579,90.92816162109375,-7495.51513671875
1776071424.0,0.0994863510131836,0.10000000149011612,48.0,-376.0398254394531,124.62355041503906,-1.2217663526535034,3.518686294555664,-0.0356929711997509,-0.010370000265538692,-5.36314058303833,-376.18707275390625,124.57754516601562,-1.2679768800735474,0.0002070064947474748,2.9987776279449463,2.6853519408120974e-15,0.1542786806821823,0.04621059074997902,-0.12476348876953125,0.204240620136261,-2.1941604614257812,0.0,0.3206739127635956,86.60029602050781,-4301.720703125
1776071424.0,0.10000000149011612,0.10000000149011612,48.0,-375.9244384765625,124.31419372558594,-1.2210906744003296,3.0542662143707275,-0.03451140969991684,-0.014700000174343586,-4.797320365905762,-376.0887451171875,124.2628402709961,-1.2678548097610474,8.504303696099669e-05,2.9987776279449463,-2.733924198139448e-15,0.1721503585577011,0.04676417261362076,-0.14364798367023468,0.23515495657920837,0.4196644723415375,0.11713185161352158,0.0,80.37484741210938,919.7037963867188
1776071424.0,0.10000000149011612,0.10000000149011612,48.0,-375.82220458984375,124.0407943725586,-1.2205249071121216,2.8218791484832764,-0.027806593105196953,-0.003700000001117587,-1.8748596906661987,-376.0018005371094,123.98465728759766,-1.2678548097610474,-5.163928653928451e-05,2.9987776279449463,1.1796119636642288e-16,0.18818101286888123,0.04732993245124817,-0.16028088331222534,0.262383371591568,1.7975257635116577,0.5389962792396545,0.0,77.3436279296875,3672.395263671875
1776071424.0,0.09984040260314941,0.10000000149011612,49.0,-375.62982177734375,123.52886962890625,-1.219329833984375,2.691220283508301,-0.021213853731751442,-0.002839999971911311,0.08732262998819351,-375.83892822265625,123.46350860595703,-1.2678548097610474,-0.00030770141165703535,2.9987576007843018,-1.3072876114961218e-14,0.21907532215118408,0.048524968326091766,-0.1828019618988037,0.29925090074539185,2.643228530883789,0.7866235375404358,0.0,75.66390228271484,5362.12109375
1776071424.0,0.10000000149011612,0.10000000149011612,49.0,-375.5327453613281,123.27200317382812,-1.2182918787002563,2.79811429977417,-0.0342400036752224,-0.028279999271035194,2.1341233253479004,-375.7572021484375,123.20194244384766,-1.2682417631149292,-0.0004299567954149097,2.9987576007843018,-3.622102617839573e-15,0.23513548076152802,0.049949925392866135,-0.19261091947555542,0.3153083622455597,2.105825662612915,0.6318545341491699,0.0,77.03679656982422,4288.68798828125
1776071424.0,0.09978747367858887,0.10000000149011612,50.0,-375.31475830078125,122.69503784179688,-1.2169817686080933,3.351335287094116,-0.040342431515455246,-0.01145000010728836,3.0377109050750732,-375.5737609863281,122.61419677734375,-1.2682417631149292,-0.0006882775342091918,2.9987375736236572,3.3584246494910985e-15,0.27132081985473633,0.05126001313328743,-0.19687724113464355,0.32229241728782654,-1.1510041952133179,0.0,0.1640673279762268,84.33124542236328,-2217.677001953125
1776071424.0,0.10000000149011612,0.10000000149011612,50.0,-375.1892395019531,122.36467742919922,-1.2163090705871582,3.6516692638397217,-0.04428620636463165,-0.006670000031590462,2.988316297531128,-375.46881103515625,122.27767944335938,-1.2690966129302979,-0.0008146482286974788,2.9987375736236572,4.871103520542874e-15,0.29277652502059937,0.052787426859140396,-0.2007356584072113,0.32860875129699707,-3.0767576694488525,0.0,0.44147348403930664,88.42405700683594,-6065.09130859375
1776071424.0,0.10000000149011612,0.10000000149011612,50.0,-375.0552673339844,122.01433563232422,-1.2159396409988403,3.7852783203125,-0.04054279252886772,-0.0129399998113513,0.3886760175228119,-375.3575744628906,121.92025756835938,-1.2690966129302979,-0.0008890756871551275,2.9987375736236572,-8.81239525796218e-15,0.3166060745716095,0.053156912326812744,-0.20801475644111633,0.3405247926712036,-4.1030168533325195,0.0,0.5737437009811401,90.27485656738281,-8115.75927734375
1776071424.0,0.10000000149011612,0.10000000149011612,51.0,-374.92132568359375,121.66598510742188,-1.2161452770233154,3.576538324356079,-0.031274501234292984,0.0027699999045580626,-3.187476396560669,-375.2469177246094,121.56465911865234,-1.2690966129302979,-0.0009631243301555514,2.998717784881592,8.507083926190262e-15,0.3409893810749054,0.052951276302337646,-0.22451861202716827,0.36754196882247925,-3.1172804832458496,0.0,0.4469914436340332,87.39144897460938,-6147.16943359375
1776071424.0,0.10000000149011612,0.10000000149011612,51.0,-374.70355224609375,121.10211944580078,-1.2150907516479492,2.564906597137451,-0.026645053178071976,0.0005699999746866524,-2.8132688999176025,-375.0682678222656,120.98904418945312,-1.2701703310012817,-0.0009705954580567777,2.998717784881592,1.124100812432971e-14,0.38186153769493103,0.05507956072688103,-0.2842823565006256,0.4653765857219696,2.765918016433716,0.8287000060081482,0.0,74.05685424804688,5605.89306640625
1776071424.0,0.10000000149011612,0.10000000149011612,52.0,-374.5399475097656,120.68169403076172,-1.2138220071792603,2.048074245452881,-0.009598951786756516,-0.0034099998883903027,-0.8979224562644958,-374.9350280761719,120.55921173095703,-1.2701703310012817,-0.0009467628551647067,2.9986977577209473,-3.885780586188048e-16,0.41363170742988586,0.05634831264615059,-0.3458807170391083,0.5662144422531128,3.371999979019165,1.0,0.0,67.65354919433594,6811.6533203125
1776071424.0,0.10000000149011612,0.10000000149011612,52.0,-374.38433837890625,120.28390502929688,-1.2120980024337769,2.339141368865967,-0.02192213386297226,0.0048699998296797276,3.3731741905212402,-374.8092956542969,120.15261840820312,-1.2711622714996338,-0.0008605910697951913,2.9986977577209473,1.0186296250935811e-14,0.4447931945323944,0.05906432121992111,-0.35983532667160034,0.5890584588050842,3.371999979019165,1.0,0.0,71.22569274902344,6815.2255859375
1776071424.0,0.09992790222167969,0.10000000149011612,53.0,-374.1878967285156,119.77997589111328,-1.2112072706222534,3.0316271781921387,-0.029134705662727356,-0.006829999852925539,3.7193500995635986,-374.6500549316406,119.63719940185547,-1.2711622714996338,-0.0007246528984978795,2.9986777305603027,1.609823385706477e-15,0.4837135076522827,0.059954989701509476,-0.338924765586853,0.5548273921012878,0.6589402556419373,0.19259300827980042,0.0,80.07708740234375,1397.9576416015625
1776071424.0,0.10000000149011612,0.10000000149011612,53.0,-374.0711669921875,119.48029327392578,-1.2107133865356445,3.400252342224121,-0.02996481955051422,-0.017869999632239342,3.8606367111206055,-374.55560302734375,119.33100128173828,-1.271865963935852,-0.0006333071505650878,2.9986777305603027,3.3306690738754696e-16,0.5069231390953064,0.06115255132317543,-0.3274570107460022,0.5360544323921204,-1.5680451393127441,0.0,0.22548134624958038,84.99149322509766,-3051.098876953125
1776071424.0,0.09991931915283203,0.10000000149011612,54.0,-373.800048828125,118.78998565673828,-1.2097305059432983,3.883934259414673,-0.02836739458143711,-0.0061900001019239426,0.40397411584854126,-374.33782958984375,118.624267578125,-1.271865963935852,-0.00040389742935076356,2.998657703399658,-8.076872504148014e-15,0.5627128481864929,0.06213546171784401,-0.3289436101913452,0.53848797082901,-4.612723350524902,0.0,0.6501637697219849,91.6533432006836,-9133.7939453125
1776071424.0,0.10000000149011612,0.10000000149011612,54.0,-373.65966796875,118.43169403076172,-1.209000825881958,3.794926166534424,-0.03539666905999184,-0.007420000154525042,-1.846763014793396,-374.2249755859375,118.2577133178711,-1.2722194194793701,-0.00030727332341484725,2.998657703399658,-1.3072876114961218e-14,0.5914630889892578,0.06321854889392853,-0.3445693254470825,0.5640676617622375,-4.380293369293213,0.0,0.615835428237915,90.40921783447266,-8670.1767578125
1776071424.0,0.10000000149011612,0.10000000149011612,55.0,-373.52838134765625,118.0993881225586,-1.2089670896530151,3.2718772888183594,-0.015241486951708794,-0.002460000105202198,-8.240620613098145,-374.12017822265625,117.91724395751953,-1.2722194194793701,-0.00022293973597697914,2.9986376762390137,6.744604874597826e-15,0.6192114949226379,0.063252292573452,-0.3846578598022461,0.6296935081481934,-1.5086408853530884,0.0,0.22138801217079163,83.2640609741211,-2934.017578125
1776071424.0,0.10000000149011612,0.10000000149011612,55.0,-373.4201965332031,117.82508850097656,-1.2086596488952637,2.678262233734131,-0.019748177379369736,-0.013620000332593918,-5.133049964904785,-374.03369140625,117.63626861572266,-1.2722194194793701,-0.00015334240742959082,2.9986376762390137,7.382983113757291e-15,0.6418960690498352,0.06355983763933182,-0.44112300872802734,0.7221282124519348,1.9660561084747314,0.5772960782051086,0.0,75.49828338623047,4007.6103515625
1776071424.0,0.09984707832336426,0.10000000149011612,55.0,-373.243408203125,117.3754653930664,-1.206764817237854,2.3092784881591797,0.002609690884128213,-0.0031799999997019768,-0.14027562737464905,-373.8920593261719,117.1759033203125,-1.2723283767700195,-9.431337093701586e-05,2.9986376762390137,-6.494804694057166e-15,0.678659975528717,0.06556358188390732,-0.5063450336456299,0.8288981318473816,3.371999979019165,1.0,0.0,70.85515594482422,6814.85498046875
1776071424.0,0.10000000149011612,0.10000000149011612,56.0,-373.1558837890625,117.1606216430664,-1.2066874504089355,2.3474221229553223,0.00493342662230134,-0.009739999659359455,1.670419454574585,-373.8241271972656,116.95503997802734,-1.2723283767700195,-6.872084486531094e-05,2.998617649078369,8.881784197001252e-16,0.6991295218467712,0.06564100086688995,-0.52901291847229,0.8660058975219727,3.371999979019165,1.0,0.0,71.32860565185547,6815.32861328125
1776071424.0,0.10000000149011612,0.10000000149011612,56.0,-373.0646057128906,116.93099975585938,-1.2054107189178467,2.6157569885253906,-0.02569456771016121,-0.014109999872744083,3.3469040393829346,-373.7516784667969,116.71961975097656,-1.2723283767700195,-4.144207196077332e-05,2.998617649078369,-5.329070518200751e-15,0.718847393989563,0.06691772490739822,-0.5172602534294128,0.8467665910720825,2.9093291759490967,0.8787604570388794,0.0,74.70182037353516,5893.3603515625
1776071424.0,0.10000000149011612,0.10000000149011612,56.0,-372.9620361328125,116.67122650146484,-1.2046802043914795,2.9427266120910645,-0.020151996985077858,-0.00860000029206276,3.4937052726745605,-373.6697998046875,116.45347595214844,-1.2723278999328613,-3.2196432584896684e-05,2.998617649078369,-9.103828801926284e-15,0.7405080199241638,0.06764767318964005,-0.496141254901886,0.812194287776947,1.0748460292816162,0.3177528381347656,0.0,78.91295623779297,2228.60498046875
1776071424.0,0.10000000149011612,0.10000000149011612,57.0,-372.7188415527344,116.05793762207031,-1.20391845703125,3.635896921157837,-0.028886418789625168,-0.011110000312328339,2.8385543823242188,-373.4764099121094,115.82486724853516,-1.2723278999328613,-3.37641395162791e-05,2.9985976219177246,-2.0539125955565396e-15,0.7926057577133179,0.06840941309928894,-0.4655936658382416,0.7621871829032898,-3.072662115097046,0.0,0.44093742966651917,88.20679473876953,-6057.11767578125
1776071424.0,0.10000000149011612,0.10000000149011612,58.0,-372.4353332519531,115.35271453857422,-1.2032825946807861,3.758986711502075,-0.01352876890450716,-0.0058200000785291195,-2.7748255729675293,-373.2536926269531,115.1009521484375,-1.2723468542099,-8.719263860257342e-05,2.99857759475708,5.578870698741412e-15,0.8562220335006714,0.06906431168317795,-0.48092466592788696,0.7872843742370605,-4.030470371246338,0.0,0.5712834000587463,89.90919494628906,-7971.03173828125
1776071424.0,0.10000000149011612,0.10000000149011612,58.0,-372.30535888671875,115.03119659423828,-1.2027980089187622,3.1898255348205566,-0.009355834685266018,0.0023300000466406345,-6.823404788970947,-373.152099609375,114.77070617675781,-1.2723468542099,-0.00011737213935703039,2.99857759475708,8.604228440844963e-16,0.8858984708786011,0.0695488452911377,-0.5360029935836792,0.8774488568305969,-0.8692700266838074,0.0,0.1280980110168457,82.16889953613281,-1656.3712158203125
1776071424.0,0.0999910831451416,0.10000000149011612,58.0,-372.1239318847656,114.57594299316406,-1.2020914554595947,1.9394057989120483,-0.032552413642406464,-0.010579999536275864,-2.4696826934814453,-373.008544921875,114.30389404296875,-1.2724459171295166,-0.00020435046462807804,2.99857759475708,4.829470157119431e-15,0.9255075454711914,0.0703544095158577,-0.6058161854743958,0.9917345643043518,3.371999979019165,1.0,0.0,66.3424072265625,6810.34228515625
1776071424.0,0.10000000149011612,0.10000000149011612,59.0,-372.05474853515625,114.40091705322266,-1.2010033130645752,1.8242233991622925,0.0006581633351743221,0.003590000094845891,-1.756875991821289,-372.9533996582031,114.12456512451172,-1.2724459171295166,-0.0002396262570982799,2.9985575675964355,1.2212453270876722e-15,0.940161406993866,0.0714426040649414,-0.6108652353286743,1.0,3.371999979019165,1.0,0.0,64.96602630615234,6808.9658203125
1776071424.0,0.10000000149011612,0.10000000149011612,59.0,-371.91925048828125,114.0693130493164,-1.2001919746398926,1.8563520908355713,-0.015656154602766037,-0.026650000363588333,1.93705415725708,-372.8485107421875,113.78353881835938,-1.2724459171295166,-0.000306707457639277,2.9985575675964355,4.9960036108132044e-15,0.9722099304199219,0.07225394994020462,-0.6108652353286743,1.0,3.371999979019165,1.0,0.0,65.34857177734375,6809.3486328125
1776071424.0,0.10000000149011612,0.10000000149011612,59.0,-371.84515380859375,113.88488006591797,-1.199038028717041,2.1253418922424316,-0.004499352537095547,-0.0034000000450760126,3.080090045928955,-372.7904357910156,113.59446716308594,-1.2727159261703491,-0.00037605719990096986,2.9985575675964355,1.2656542480726785e-14,0.9888594746589661,0.0736779049038887,-0.6108652353286743,1.0,3.371999979019165,1.0,0.0,68.59326934814453,6812.59326171875
1776071424.0,0.10000000149011612,0.10000000149011612,59.0,-371.7585144042969,113.66986083984375,-1.1991664171218872,2.4731552600860596,-0.012366063892841339,-0.005059999879449606,3.7870001792907715,-372.72259521484375,113.3736572265625,-1.2727159261703491,-0.00046010289224795997,2.9985575675964355,-8.93729534823251e-15,1.0085508823394775,0.07354949414730072,-0.6108652353286743,1.0,3.371999979019165,1.0,0.0,72.89989471435547,6816.89990234375
1776071424.0,0.10000000149011612,0.10000000149011612,60.0,-371.6595764160156,113.4207763671875,-1.1986970901489258,2.840444564819336,-0.02462451532483101,-0.006969999987632036,3.9404518604278564,-372.6441345214844,113.1182861328125,-1.2727159261703491,-0.0005573061062023044,2.998537540435791,-9.936496070395151e-15,1.0299689769744873,0.07401884347200394,-0.6108652353286743,1.0,2.7969889640808105,0.8476383090019226,0.0,77.58373260498047,5671.5615234375
1776071424.0,0.10000000149011612,0.10000000149011612,60.0,-371.5470886230469,113.13928985595703,-1.1984243392944336,3.2145650386810303,-0.017689716070890427,0.00026000000070780516,3.8980817794799805,-372.5553894042969,112.82949829101562,-1.2727159261703491,-0.0006672295276075602,2.998537540435791,7.549516567451064e-15,1.054839849472046,0.07429158687591553,-0.6108652353286743,1.0,0.6022690534591675,0.17581914365291595,0.0,82.49836730957031,1287.0364990234375
1776071424.0,0.10000000149011612,0.10000000149011612,60.0,-371.419677734375,112.82205200195312,-1.1978271007537842,3.5893921852111816,-0.021994495764374733,-0.013860000297427177,3.845003843307495,-372.4557189941406,112.50442504882812,-1.2733138799667358,-0.0008758120238780975,2.998537540435791,3.3306690738754696e-15,1.0836422443389893,0.07548678666353226,-0.6108652353286743,1.0,-1.7245689630508423,0.0,0.24626865983009338,87.56769561767578,-3361.5703125
1776071424.0,0.10000000149011612,0.10000000149011612,61.0,-371.1299743652344,112.1010971069336,-1.1958389282226562,4.068968296051025,-0.025121698155999184,-0.011839999817311764,0.8711904287338257,-372.22930908203125,111.7655258178711,-1.274535059928894,-0.0013913860311731696,2.9985175132751465,-3.0531133177191805e-15,1.1494334936141968,0.07869620621204376,-0.6105405688285828,0.9994685053825378,-4.80925989151001,0.0,0.6757959127426147,94.26594543457031,-9524.25390625
1776071424.0,0.10000000149011612,0.10000000149011612,61.0,-370.9779968261719,111.72700500488281,-1.1953399181365967,3.9768848419189453,-0.019219471141695976,-0.020099999383091927,-1.8168987035751343,-372.1119079589844,111.3808822631836,-1.274535059928894,-0.001774875447154045,2.9985175132751465,6.050715484207103e-15,1.185567855834961,0.07919515669345856,-0.6108652353286743,1.0,-4.621636390686035,0.0,0.6544831991195679,92.96133422851562,-9150.3115234375
1776071424.0,0.10000000149011612,0.10000000149011612,62.0,-370.8358154296875,111.38086700439453,-1.1959680318832397,3.456533432006836,0.014883331023156643,0.005960000213235617,-8.066287994384766,-372.0031433105469,111.02455139160156,-1.274535059928894,-0.002130146138370037,2.9984655380249023,-5.551115123125783e-16,1.2204934358596802,0.07856707274913788,-0.6108652353286743,1.0,-1.828629493713379,0.0,0.26685187220573425,85.75420379638672,-3571.5048828125
1776071424.0,0.10000000149011612,0.10000000149011612,62.0,-370.61199951171875,110.82982635498047,-1.1905021667480469,2.640681028366089,-0.057965267449617386,-0.04467000067234039,-1.5061917304992676,-371.83197021484375,110.46033477783203,-1.2767033576965332,-0.0028234042692929506,2.9984655380249023,-9.992007221626409e-16,1.2746782302856445,0.08620114624500275,-0.6108652353286743,1.0,2.918713331222534,0.8894842267036438,0.0,75.01892852783203,5912.44580078125
1776071424.0,0.09995770454406738,0.10000000149011612,63.0,-370.42620849609375,110.3722915649414,-1.1886687278747559,2.3753373622894287,-0.0603448823094368,-0.04148000106215477,0.31845739483833313,-371.6894226074219,109.98970031738281,-1.2767033576965332,-0.003432523226365447,2.980224609375,3.1086244689504383e-15,1.319871425628662,0.08803464472293854,-0.6108652353286743,1.0,3.371999979019165,1.0,0.0,71.6760482788086,6815.67626953125
1776071424.0,0.0999603271484375,0.10000000149011612,63.0,-370.24273681640625,109.91836547851562,-1.1795883178710938,2.569626569747925,0.003878359915688634,-0.010870000347495079,2.387798309326172,-371.5508728027344,109.52708435058594,-1.2801529169082642,-0.004074242897331715,2.980224609375,-2.942091015256665e-15,1.365411639213562,0.10056455433368683,-0.6108652353286743,1.0,3.371999979019165,1.0,0.0,74.11660766601562,6818.11669921875
1776071424.0,0.10000000149011612,0.10000000149011612,64.0,-370.13482666015625,109.6701431274414,-1.177046537399292,2.8256995677948,0.003797236829996109,-0.04072999954223633,2.555462598800659,-371.473876953125,109.26962280273438,-1.2801529169082642,-0.004433917347341776,2.9276554584503174,3.3306690738754696e-15,1.3976467847824097,0.10310642421245575,-0.6108652353286743,1.0,1.8503541946411133,0.5509341359138489,0.0,77.39300537109375,3778.101318359375
1776071424.0,0.09990334510803223,0.10000000149011612,64.0,-369.88714599609375,109.11112213134766,-1.1666007041931152,3.2725088596343994,-0.028116825968027115,-0.0732399970293045,1.7913000583648682,-371.30352783203125,108.69497680664062,-1.2850245237350464,-0.005282428581267595,2.9276554584503174,1.1046719095020308e-14,1.4762346744537354,0.11842389404773712,-0.6108652353286743,1.0,-0.8004691004753113,0.0,0.12428704649209976,83.27251434326172,-1517.6656494140625
1776071424.0,0.10000000149011612,0.10000000149011612,65.0,-369.7538757324219,108.80709838867188,-1.1609307527542114,3.39499831199646,-0.019574090838432312,-0.04084999859333038,1.7495214939117432,-371.210693359375,108.37905883789062,-1.2850245237350464,-0.005773439537733793,2.838207721710205,8.049116928532385e-15,1.5184074640274048,0.12409383058547974,-0.6108652353286743,1.0,-2.1922426223754883,0.0,0.32052555680274963,84.92045593261719,-4299.564453125
1776071424.0,0.0998680591583252,0.10000000149011612,65.0,-369.47943115234375,108.1972427368164,-1.1541931629180908,3.2342681884765625,-0.04422419145703316,-0.045499999076128006,-2.1284167766571045,-371.0284729003906,107.75259399414062,-1.2912651300430298,-0.006685757543891668,2.838207721710205,5.495603971894525e-15,1.6116172075271606,0.13707196712493896,-0.6108652353286743,1.0,-1.4164353609085083,0.0,0.20640675723552704,82.76121520996094,-2750.109375
1776071424.0,0.10000000149011612,0.10000000149011612,66.0,-369.26312255859375,107.73429870605469,-1.155023217201233,1.6654846668243408,0.07526111602783203,0.023159999400377274,-10.517800331115723,-370.8892517089844,107.26751708984375,-1.2912651300430298,-0.007330738008022308,2.7070233821868896,-1.1102230246251565e-15,1.6918030977249146,0.13624192774295807,-0.6108652353286743,1.0,3.371999979019165,1.0,0.0,63.09169387817383,6807.091796875
1776071424.0,0.10000000149011612,0.10000000149011612,66.0,-369.2028503417969,107.62720489501953,-1.1582293510437012,0.7899869680404663,0.1548166126012802,0.03520999848842621,-9.638679504394531,-370.85626220703125,107.15260314941406,-1.2912651300430298,-0.007483540568500757,2.7070233821868896,1.2490009027033011e-14,1.7201733589172363,0.13303576409816742,-0.6108652353286743,1.0,3.371999979019165,1.0,0.0,53.22314453125,6797.22314453125
1776071424.0,0.0999610424041748,0.10000000149011612,66.0,-369.1802978515625,107.63690948486328,-1.166516900062561,-0.40282586216926575,-0.08447986096143723,-0.060759998857975006,1.0269781351089478,-370.85711669921875,107.15558624267578,-1.2912651300430298,-0.007479568477720022,2.7070233821868896,-2.7755575615628914e-16,1.7445298433303833,0.12474822252988815,-0.6108652353286743,1.0,3.371999979019165,1.0,0.0,41.0557975769043,6785.0556640625
1776071424.0,0.10000000149011612,0.10000000149011612,66.0,-369.1969299316406,107.67080688476562,-1.1599483489990234,0.04603277146816254,0.08414290845394135,0.06699000298976898,2.435429573059082,-370.86737060546875,107.19131469726562,-1.2912651300430298,-0.007432066835463047,2.7070233821868896,6.8833827526759706e-15,1.7379088401794434,0.13131678104400635,-0.6108652353286743,1.0,3.371999979019165,1.0,0.0,45.46142578125,6789.46142578125
1776071424.0,0.10000000149011612,0.10000000149011612,66.0,-369.19183349609375,107.65900421142578,-1.1618752479553223,0.11520329862833023,-0.07086740434169769,-0.016599999740719795,-0.7994994521141052,-370.8638610839844,107.1790542602539,-1.2912651300430298,-0.007448368240147829,2.7070233821868896,-2.220446049250313e-15,1.7395485639572144,0.1293899416923523,-0.6108652353286743,1.0,3.371999979019165,1.0,0.0,46.15890884399414,6790.15869140625
1776071424.0,0.09977889060974121,0.10000000149011612,66.0,-369.19744873046875,107.65518951416016,-1.1609952449798584,-0.03702901676297188,-0.02046576701104641,0.014779999852180481,0.7873621582984924,-370.8632507324219,107.17701721191406,-1.2912651300430298,-0.007451073732227087,2.7070233821868896,-1.6653345369377348e-16,1.7331026792526245,0.130269855260849,-0.6108652353286743,1.0,3.371999979019165,1.0,0.0,44.63042068481445,6788.63037109375
1776071424.0,0.10000000149011612,0.10000000149011612,66.0,-369.1937255859375,107.65031433105469,-1.1607297658920288,0.0010505660902708769,0.026102010160684586,0.020989999175071716,-0.9516776204109192,-370.8616943359375,107.1715316772461,-1.2912651300430298,-0.007458371110260487,2.7070233821868896,-5.440092820663267e-15,1.7353355884552002,0.13053534924983978,-0.6108652353286743,1.0,3.371999979019165,1.0,0.0,45.01050567626953,6789.0107421875
1776071424.0,0.10000000149011612,0.10000000149011612,66.0,-369.19366455078125,107.65384674072266,-1.1615445613861084,-0.046986617147922516,-0.010679274797439575,0.0017000000225380063,-0.03752949461340904,-370.86260986328125,107.17477416992188,-1.2912651300430298,-0.00745405163615942,2.7070233821868896,5.717648576819556e-15,1.7363638877868652,0.1297205686569214,-0.6108652353286743,1.0,3.371999979019165,1.0,0.0,44.53127670288086,6788.53125
1776071424.0,0.10000000149011612,0.10000000149011612,66.0,-369.19561767578125,107.65319061279297,-1.1609573364257812,0.022964822128415108,-0.00450937170535326,5.999999848427251e-05,-0.2538328766822815,-370.86260986328125,107.17469024658203,-1.2912651300430298,-0.00745416572317481,2.7070233821868896,-9.048317650695026e-15,1.7342889308929443,0.13030776381492615,-0.6108652353286743,1.0,3.371999979019165,1.0,0.0,45.229923248291016,6789.22998046875
1776071424.0,0.10000000149011612,0.10000000149011612,66.0,-369.1949462890625,107.6515121459961,-1.1613945960998535,-0.005034339614212513,-0.005248527508229017,-0.008369999937713146,-0.3533172607421875,-370.8620910644531,107.17296600341797,-1.2912651300430298,-0.007456464227288961,2.7070233821868896,2.886579864025407e-15,1.73446524143219,0.12987057864665985,-0.6108652353286743,1.0,3.371999979019165,1.0,0.0,44.949668884277344,6788.94970703125
1776071424.0,0.10000000149011612,0.10000000149011612,66.0,-369.1949157714844,107.65204620361328,-1.1610984802246094,-0.007167492061853409,0.0020161918364465237,-0.008709999732673168,0.05632831156253815,-370.86224365234375,107.17344665527344,-1.2912651300430298,-0.007455821149051189,2.7070233821868896,3.219646771412954e-15,1.7346543073654175,0.1301666498184204,-0.6108652353286743,1.0,3.371999979019165,1.0,0.0,44.92835235595703,6788.92822265625
1776071424.0,0.09990715980529785,0.10000000149011612,66.0,-369.193603515625,107.65116882324219,-1.1613502502441406,0.0036952863447368145,-0.009632068686187267,0.0002500000118743628,-0.2401312291622162,-370.8619079589844,107.17228698730469,-1.2912651300430298,-0.007457367144525051,2.7070233821868896,-1.1102230246251565e-16,1.7356892824172974,0.12991492450237274,-0.6108652353286743,1.0,3.371999979019165,1.0,0.0,45.03696060180664,6789.037109375
1776071424.0,0.10000000149011612,0.10000000149011612,66.0,-369.1934509277344,107.65132141113281,-1.161279320716858,-0.0035989470779895782,-0.0024427962489426136,-0.007300000172108412,-0.07341170310974121,-370.8619384765625,107.1723861694336,-1.2912651300430298,-0.007457228377461433,2.7070233821868896,-2.220446049250313e-15,1.735860824584961,0.12998579442501068,-0.6108652353286743,1.0,3.371999979019165,1.0,0.0,44.96401596069336,6788.9638671875
1776071424.0,0.09988045692443848,0.10000000149011612,66.0,-369.192626953125,107.65113067626953,-1.1613943576812744,0.005628442857414484,-0.0012721132952719927,-0.008799999952316284,-0.16161686182022095,-370.86181640625,107.17198944091797,-1.2912651300430298,-0.007457760628312826,2.7070233821868896,5.10702591327572e-15,1.7366169691085815,0.12987080216407776,-0.6108652353286743,1.0,3.371999979019165,1.0,0.0,45.05630111694336,6789.05615234375
1776071424.0,0.10000000149011612,0.10000000149011612,66.0,-369.19219970703125,107.65133666992188,-1.1617352962493896,0.00014828253188170493,-0.004184872843325138,0.012409999966621399,-0.12490237504243851,-370.8618469238281,107.17207336425781,-1.2912651300430298,-0.007457648403942585,2.7070233821868896,6.827871601444713e-15,1.737074375152588,0.12952981889247894,-0.6108652353286743,1.0,3.371999979019165,1.0,0.0,45.00148391723633,6789.00146484375
1776071424.0,0.10000000149011612,0.10000000149011612,66.0,-369.1922607421875,107.65138244628906,-1.1615713834762573,0.003668908728286624,-0.005249836482107639,-0.00343999988399446,-0.04281705245375633,-370.86187744140625,107.17212677001953,-1.2912651300430298,-0.007457573898136616,2.7070233821868896,5.218048215738236e-15,1.7370208501815796,0.12969379127025604,-0.6108652353286743,1.0,3.371999979019165,1.0,0.0,45.03669738769531,6789.03662109375
1776071424.0,0.09992527961730957,0.10000000149011612,66.0,-369.1915283203125,107.65107727050781,-1.1618332862854004,0.0021777183283120394,-0.0029192997608333826,-0.00343000004068017,-0.13001349568367004,-370.8617248535156,107.17164611816406,-1.2912651300430298,-0.007458210457116365,2.7070233821868896,3.219646771412954e-15,1.737654447555542,0.129431813955307,-0.6108652353286743,1.0,3.371999979019165,1.0,0.0,45.02177810668945,6789.02197265625
1776071424.0,0.10000000149011612,0.10000000149011612,66.0,-369.1914367675781,107.65103149414062,-1.1618213653564453,0.0034683828707784414,-0.004471465479582548,0.0006799999973736703,-0.031179213896393776,-370.8616943359375,107.17158508300781,-1.2912651300430298,-0.007458300329744816,2.7070233821868896,-1.2712053631958042e-14,1.7377216815948486,0.12944373488426208,-0.6108652353286743,1.0,3.371999979019165,1.0,0.0,45.034690856933594,6789.03466796875
1776071424.0,0.09994077682495117,0.10000000149011612,66.0,-369.1909484863281,107.65064239501953,-1.1620444059371948,0.002802088623866439,-0.0020618245471268892,0.00431999983265996,-0.14439499378204346,-370.861572265625,107.17109680175781,-1.2912651300430298,-0.007458948064595461,2.7070233821868896,-7.216449660063518e-16,1.7380821704864502,0.12922070920467377,-0.6108652353286743,1.0,3.371999979019165,1.0,0.0,45.02802658081055,6789.02783203125
1776071424.0,0.10000000149011612,0.10000000149011612,66.0,-369.1907653808594,107.65058898925781,-1.1622464656829834,0.00541742192581296,-0.0043283007107675076,-7.000000186963007e-05,-0.09804884344339371,-370.8615417480469,107.1709976196289,-1.2912651300430298,-0.00745907798409462,2.7070233821868896,1.8318679906315083e-15,1.73823881149292,0.12901872396469116,-0.6108652353286743,1.0,3.371999979019165,1.0,0.0,45.0541877746582,6789.05419921875
